Workbook
Name AnneeSuivi: '01_SUIVI_2027'!$B$6

Sheet 01_SUIVI_2027
C1: ="Suivi annuel de maintenance "&AnneeSuivi -> Suivi annuel de maintenance 2027 | K1: PROTOTYPE V0.1
C2: Vue de consultation des opérations prévues. La GMAO reste la source de référence : ce fichier n'en est qu'une lecture. | K2: Données 100 % fictives
A4: ="Opérations "&AnneeSuivi -> Opérations 2027 | C4: Installations | D4: Affichées (filtres) | E4: ='03_REFERENTIEL'!$B$2 -> Contrôle annuel | F4: ='03_REFERENTIEL'!$B$3 -> Essai de conformité | G4: ='03_REFERENTIEL'!$B$4 -> Contrôle filtre | H4: ='03_REFERENTIEL'!$B$5 -> Révision | I4: ='03_REFERENTIEL'!$B$6 -> Opération spécifique | J4: Statut à confirmer | K4: Points de vigilance
A5: =COUNTA(T_Suivi2027[Code installation]) -> 45 | C5: =SUMPRODUCT((T_Suivi2027[Code installation]<>"")/COUNTIF(T_Suivi2027[Code installation],T_Suivi2027[Code installation]&"")) -> 28 | D5: =SUBTOTAL(103,T_Suivi2027[Code installation]) -> 45 | E5: =COUNTIF(T_Suivi2027[Code type source],'03_REFERENTIEL'!$A$2) -> 16 | F5: =COUNTIF(T_Suivi2027[Code type source],'03_REFERENTIEL'!$A$3) -> 10 | G5: =COUNTIF(T_Suivi2027[Code type source],'03_REFERENTIEL'!$A$4) -> 6 | H5: =COUNTIF(T_Suivi2027[Code type source],'03_REFERENTIEL'!$A$5) -> 9 | I5: =COUNTIF(T_Suivi2027[Code type source],'03_REFERENTIEL'!$A$6) -> 4 | J5: =COUNTIF(T_Suivi2027[Statut référentiel],"À confirmer")+COUNTIF(T_Suivi2027[Statut référentiel],"Absent du référentiel") -> 4 | K5: =COUNTIF(T_Suivi2027[Point de vigilance],"?*") -> 6
A6: Année suivie | B6: 2027 | C6: Actualisé le | D6: 46308 | E6: =IF(AND(COUNTIF(T_Source[Année],AnneeSuivi)=COUNTA(T_Suivi2027[Code installation]),COUNTIF(T_Suivi2027[Point de vigilance],"Absente*")=0),"Contrôle source : OK ("&COUNTA(T_Suivi2027[Code installation])&" / "&COUNTIF(T_Source[Année],AnneeSuivi)&" opérations "&AnneeSuivi&")","Contrôle source : VUE À ACTUALISER (source "&COUNTIF(T_Source[Année],AnneeSuivi)&" / vue "&COUNTA(T_Suivi2027[Code installation])&")") -> Contrôle source : OK (45 / 45 opérations 2027) | K6: Filtrer / rechercher : flèches d'en-tête · jaune = à confirmer
A7: Périmètre | B7: Groupe | C7: Code installation | D7: Installation | E7: Opération | F7: Famille | G7: Périodicité | H7: Référence technique | I7: Code type source | J7: Statut référentiel | K7: Point de vigilance
A8: PERIM_A | B8: GRP_A1 | C8: INST-001 | D8: Installation A1 | E8: =IFERROR(INDEX(T_Referentiel[Libellé affiché],MATCH($I8,T_Referentiel[Valeur source],0)),"À confirmer") -> Contrôle annuel | F8: =IFERROR(INDEX(T_Referentiel[Famille],MATCH($I8,T_Referentiel[Valeur source],0)),"À confirmer") -> Contrôle | G8: 1 an | H8: =IFERROR(INDEX(T_Referentiel[Référence technique fictive],MATCH($I8,T_Referentiel[Valeur source],0)),"À confirmer") -> REF-001 | I8: TYPE_A | J8: =IFERROR(INDEX(T_Referentiel[Statut],MATCH($I8,T_Referentiel[Valeur source],0)),"Absent du référentiel") -> Validé pour démo | K8: =IF(COUNTIFS(T_Source[Code installation],$C8,T_Source[Type opération source],$I8,T_Source[Périodicité],$G8,T_Source[Année],AnneeSuivi)=0,"Absente de la source : actualiser",IF(COUNTIFS(T_Suivi2027[Code installation],$C8,T_Suivi2027[Code type source],$I8,T_Suivi2027[Périodicité],$G8)>1,"Doublon potentiel : à confirmer",""))
A9: PERIM_A | B9: GRP_A1 | C9: INST-001 | D9: Installation A1 | E9: =IFERROR(INDEX(T_Referentiel[Libellé affiché],MATCH($I9,T_Referentiel[Valeur source],0)),"À confirmer") -> Contrôle filtre | F9: =IFERROR(INDEX(T_Referentiel[Famille],MATCH($I9,T_Referentiel[Valeur source],0)),"À confirmer") -> Contrôle | G9: 3 ans | H9: =IFERROR(INDEX(T_Referentiel[Référence technique fictive],MATCH($I9,T_Referentiel[Valeur source],0)),"À confirmer") -> REF-003 | I9: TYPE_C | J9: =IFERROR(INDEX(T_Referentiel[Statut],MATCH($I9,T_Referentiel[Valeur source],0)),"Absent du référentiel") -> Validé pour démo | K9: =IF(COUNTIFS(T_Source[Code installation],$C9,T_Source[Type opération source],$I9,T_Source[Périodicité],$G9,T_Source[Année],AnneeSuivi)=0,"Absente de la source : actualiser",IF(COUNTIFS(T_Suivi2027[Code installation],$C9,T_Suivi2027[Code type source],$I9,T_Suivi2027[Périodicité],$G9)>1,"Doublon potentiel : à confirmer",""))
A10: PERIM_A | B10: GRP_A1 | C10: INST-001 | D10: Installation A1 | E10: =IFERROR(INDEX(T_Referentiel[Libellé affiché],MATCH($I10,T_Referentiel[Valeur source],0)),"À confirmer") -> Opération spécifique | F10: =IFERROR(INDEX(T_Referentiel[Famille],MATCH($I10,T_Referentiel[Valeur source],0)),"À confirmer") -> Autre | G10: 2 ans | H10: =IFERROR(INDEX(T_Referentiel[Référence technique fictive],MATCH($I10,T_Referentiel[Valeur source],0)),"À confirmer") -> À confirmer | I10: TYPE_E | J10: =IFERROR(INDEX(T_Referentiel[Statut],MATCH($I10,T_Referentiel[Valeur source],0)),"Absent du référentiel") -> À confirmer | K10: =IF(COUNTIFS(T_Source[Code installation],$C10,T_Source[Type opération source],$I10,T_Source[Périodicité],$G10,T_Source[Année],AnneeSuivi)=0,"Absente de la source : actualiser",IF(COUNTIFS(T_Suivi2027[Code installation],$C10,T_Suivi2027[Code type source],$I10,T_Suivi2027[Périodicité],$G10)>1,"Doublon potentiel : à confirmer",""))
A11: PERIM_A | B11: GRP_A1 | C11: INST-002 | D11: Installation B1 | E11: =IFERROR(INDEX(T_Referentiel[Libellé affiché],MATCH($I11,T_Referentiel[Valeur source],0)),"À confirmer") -> Révision | F11: =IFERROR(INDEX(T_Referentiel[Famille],MATCH($I11,T_Referentiel[Valeur source],0)),"À confirmer") -> Révision | G11: 6 ans | H11: =IFERROR(INDEX(T_Referentiel[Référence technique fictive],MATCH($I11,T_Referentiel[Valeur source],0)),"À confirmer") -> REF-004 | I11: TYPE_D | J11: =IFERROR(INDEX(T_Referentiel[Statut],MATCH($I11,T_Referentiel[Valeur source],0)),"Absent du référentiel") -> Validé pour démo | K11: =IF(COUNTIFS(T_Source[Code installation],$C11,T_Source[Type opération source],$I11,T_Source[Périodicité],$G11,T_Source[Année],AnneeSuivi)=0,"Absente de la source : actualiser",IF(COUNTIFS(T_Suivi2027[Code installation],$C11,T_Suivi2027[Code type source],$I11,T_Suivi2027[Périodicité],$G11)>1,"Doublon potentiel : à confirmer",""))
A12: PERIM_A | B12: GRP_A1 | C12: INST-004 | D12: Installation D1 | E12: =IFERROR(INDEX(T_Referentiel[Libellé affiché],MATCH($I12,T_Referentiel[Valeur source],0)),"À confirmer") -> Révision | F12: =IFERROR(INDEX(T_Referentiel[Famille],MATCH($I12,T_Referentiel[Valeur source],0)),"À confirmer") -> Révision | G12: 6 ans | H12: =IFERROR(INDEX(T_Referentiel[Référence technique fictive],MATCH($I12,T_Referentiel[Valeur source],0)),"À confirmer") -> REF-004 | I12: TYPE_D | J12: =IFERROR(INDEX(T_Referentiel[Statut],MATCH($I12,T_Referentiel[Valeur source],0)),"Absent du référentiel") -> Validé pour démo | K12: =IF(COUNTIFS(T_Source[Code installation],$C12,T_Source[Type opération source],$I12,T_Source[Périodicité],$G12,T_Source[Année],AnneeSuivi)=0,"Absente de la source : actualiser",IF(COUNTIFS(T_Suivi2027[Code installation],$C12,T_Suivi2027[Code type source],$I12,T_Suivi2027[Périodicité],$G12)>1,"Doublon potentiel : à confirmer",""))
A13: PERIM_A | B13: GRP_A1 | C13: INST-005 | D13: Installation E1 | E13: =IFERROR(INDEX(T_Referentiel[Libellé affiché],MATCH($I13,T_Referentiel[Valeur source],0)),"À confirmer") -> Opération spécifique | F13: =IFERROR(INDEX(T_Referentiel[Famille],MATCH($I13,T_Referentiel[Valeur source],0)),"À confirmer") -> Autre | G13: 2 ans | H13: =IFERROR(INDEX(T_Referentiel[Référence technique fictive],MATCH($I13,T_Referentiel[Valeur source],0)),"À confirmer") -> À confirmer | I13: TYPE_E | J13: =IFERROR(INDEX(T_Referentiel[Statut],MATCH($I13,T_Referentiel[Valeur source],0)),"Absent du référentiel") -> À confirmer | K13: =IF(COUNTIFS(T_Source[Code installation],$C13,T_Source[Type opération source],$I13,T_Source[Périodicité],$G13,T_Source[Année],AnneeSuivi)=0,"Absente de la source : actualiser",IF(COUNTIFS(T_Suivi2027[Code installation],$C13,T_Suivi2027[Code type source],$I13,T_Suivi2027[Périodicité],$G13)>1,"Doublon potentiel : à confirmer",""))
A14: PERIM_A | B14: GRP_A1 | C14: INST-006 | D14: Installation F1 | E14: =IFERROR(INDEX(T_Referentiel[Libellé affiché],MATCH($I14,T_Referentiel[Valeur source],0)),"À confirmer") -> Contrôle annuel | F14: =IFERROR(INDEX(T_Referentiel[Famille],MATCH($I14,T_Referentiel[Valeur source],0)),"À confirmer") -> Contrôle | G14: 1 an | H14: =IFERROR(INDEX(T_Referentiel[Référence technique fictive],MATCH($I14,T_Referentiel[Valeur source],0)),"À confirmer") -> REF-001 | I14: TYPE_A | J14: =IFERROR(INDEX(T_Referentiel[Statut],MATCH($I14,T_Referentiel[Valeur source],0)),"Absent du référentiel") -> Validé pour démo | K14: =IF(COUNTIFS(T_Source[Code installation],$C14,T_Source[Type opération source],$I14,T_Source[Périodicité],$G14,T_Source[Année],AnneeSuivi)=0,"Absente de la source : actualiser",IF(COUNTIFS(T_Suivi2027[Code installation],$C14,T_Suivi2027[Code type source],$I14,T_Suivi2027[Périodicité],$G14)>1,"Doublon potentiel : à confirmer","")) -> Doublon potentiel : à confirmer
A15: PERIM_A | B15: GRP_A1 | C15: INST-006 | D15: Installation F1 | E15: =IFERROR(INDEX(T_Referentiel[Libellé affiché],MATCH($I15,T_Referentiel[Valeur source],0)),"À confirmer") -> Contrôle annuel | F15: =IFERROR(INDEX(T_Referentiel[Famille],MATCH($I15,T_Referentiel[Valeur source],0)),"À confirmer") -> Contrôle | G15: 1 an | H15: =IFERROR(INDEX(T_Referentiel[Référence technique fictive],MATCH($I15,T_Referentiel[Valeur source],0)),"À confirmer") -> REF-001 | I15: TYPE_A | J15: =IFERROR(INDEX(T_Referentiel[Statut],MATCH($I15,T_Referentiel[Valeur source],0)),"Absent du référentiel") -> Validé pour démo | K15: =IF(COUNTIFS(T_Source[Code installation],$C15,T_Source[Type opération source],$I15,T_Source[Périodicité],$G15,T_Source[Année],AnneeSuivi)=0,"Absente de la source : actualiser",IF(COUNTIFS(T_Suivi2027[Code installation],$C15,T_Suivi2027[Code type source],$I15,T_Suivi2027[Périodicité],$G15)>1,"Doublon potentiel : à confirmer","")) -> Doublon potentiel : à confirmer
A16: PERIM_A | B16: GRP_A1 | C16: INST-006 | D16: Installation F1 | E16: =IFERROR(INDEX(T_Referentiel[Libellé affiché],MATCH($I16,T_Referentiel[Valeur source],0)),"À confirmer") -> Essai de conformité | F16: =IFERROR(INDEX(T_Referentiel[Famille],MATCH($I16,T_Referentiel[Valeur source],0)),"À confirmer") -> Contrôle | G16: 2 ans | H16: =IFERROR(INDEX(T_Referentiel[Référence technique fictive],MATCH($I16,T_Referentiel[Valeur source],0)),"À confirmer") -> REF-002 | I16: TYPE_B | J16: =IFERROR(INDEX(T_Referentiel[Statut],MATCH($I16,T_Referentiel[Valeur source],0)),"Absent du référentiel") -> Validé pour démo | K16: =IF(COUNTIFS(T_Source[Code installation],$C16,T_Source[Type opération source],$I16,T_Source[Périodicité],$G16,T_Source[Année],AnneeSuivi)=0,"Absente de la source : actualiser",IF(COUNTIFS(T_Suivi2027[Code installation],$C16,T_Suivi2027[Code type source],$I16,T_Suivi2027[Périodicité],$G16)>1,"Doublon potentiel : à confirmer",""))
A17: PERIM_A | B17: GRP_A1 | C17: INST-007 | D17: Installation G1 | E17: =IFERROR(INDEX(T_Referentiel[Libellé affiché],MATCH($I17,T_Referentiel[Valeur source],0)),"À confirmer") -> Opération spécifique | F17: =IFERROR(INDEX(T_Referentiel[Famille],MATCH($I17,T_Referentiel[Valeur source],0)),"À confirmer") -> Autre | G17: 2 ans | H17: =IFERROR(INDEX(T_Referentiel[Référence technique fictive],MATCH($I17,T_Referentiel[Valeur source],0)),"À confirmer") -> À confirmer | I17: TYPE_E | J17: =IFERROR(INDEX(T_Referentiel[Statut],MATCH($I17,T_Referentiel[Valeur source],0)),"Absent du référentiel") -> À confirmer | K17: =IF(COUNTIFS(T_Source[Code installation],$C17,T_Source[Type opération source],$I17,T_Source[Périodicité],$G17,T_Source[Année],AnneeSuivi)=0,"Absente de la source : actualiser",IF(COUNTIFS(T_Suivi2027[Code installation],$C17,T_Suivi2027[Code type source],$I17,T_Suivi2027[Périodicité],$G17)>1,"Doublon potentiel : à confirmer",""))
A18: PERIM_A | B18: GRP_A1 | C18: INST-008 | D18: Installation H1 | E18: =IFERROR(INDEX(T_Referentiel[Libellé affiché],MATCH($I18,T_Referentiel[Valeur source],0)),"À confirmer") -> Contrôle filtre | F18: =IFERROR(INDEX(T_Referentiel[Famille],MATCH($I18,T_Referentiel[Valeur source],0)),"À confirmer") -> Contrôle | G18: 3 ans | H18: =IFERROR(INDEX(T_Referentiel[Référence technique fictive],MATCH($I18,T_Referentiel[Valeur source],0)),"À confirmer") -> REF-003 | I18: TYPE_C | J18: =IFERROR(INDEX(T_Referentiel[Statut],MATCH($I18,T_Referentiel[Valeur source],0)),"Absent du référentiel") -> Validé pour démo | K18: =IF(COUNTIFS(T_Source[Code installation],$C18,T_Source[Type opération source],$I18,T_Source[Périodicité],$G18,T_Source[Année],AnneeSuivi)=0,"Absente de la source : actualiser",IF(COUNTIFS(T_Suivi2027[Code installation],$C18,T_Suivi2027[Code type source],$I18,T_Suivi2027[Périodicité],$G18)>1,"Doublon potentiel : à confirmer",""))
A19: PERIM_A | B19: GRP_A1 | C19: INST-008 | D19: Installation H1 | E19: =IFERROR(INDEX(T_Referentiel[Libellé affiché],MATCH($I19,T_Referentiel[Valeur source],0)),"À confirmer") -> Révision | F19: =IFERROR(INDEX(T_Referentiel[Famille],MATCH($I19,T_Referentiel[Valeur source],0)),"À confirmer") -> Révision | G19: 6 ans | H19: =IFERROR(INDEX(T_Referentiel[Référence technique fictive],MATCH($I19,T_Referentiel[Valeur source],0)),"À confirmer") -> REF-004 | I19: TYPE_D | J19: =IFERROR(INDEX(T_Referentiel[Statut],MATCH($I19,T_Referentiel[Valeur source],0)),"Absent du référentiel") -> Validé pour démo | K19: =IF(COUNTIFS(T_Source[Code installation],$C19,T_Source[Type opération source],$I19,T_Source[Périodicité],$G19,T_Source[Année],AnneeSuivi)=0,"Absente de la source : actualiser",IF(COUNTIFS(T_Suivi2027[Code installation],$C19,T_Suivi2027[Code type source],$I19,T_Suivi2027[Périodicité],$G19)>1,"Doublon potentiel : à confirmer",""))
... A52: PERIM_C | B52: GRP_C1 | C52: INST-040 | D52: Installation N2 | E52: =IFERROR(INDEX(T_Referentiel[Libellé affiché],MATCH($I52,T_Referentiel[Valeur source],0)),"À confirmer") -> Contrôle filtre | F52: =IFERROR(INDEX(T_Referentiel[Famille],MATCH($I52,T_Referentiel[Valeur source],0)),"À confirmer") -> Contrôle | G52: 3 ans | H52: =IFERROR(INDEX(T_Referentiel[Référence technique fictive],MATCH($I52,T_Referentiel[Valeur source],0)),"À confirmer") -> REF-003 | I52: TYPE_C | J52: =IFERROR(INDEX(T_Referentiel[Statut],MATCH($I52,T_Referentiel[Valeur source],0)),"Absent du référentiel") -> Validé pour démo | K52: =IF(COUNTIFS(T_Source[Code installation],$C52,T_Source[Type opération source],$I52,T_Source[Périodicité],$G52,T_Source[Année],AnneeSuivi)=0,"Absente de la source : actualiser",IF(COUNTIFS(T_Suivi2027[Code installation],$C52,T_Suivi2027[Code type source],$I52,T_Suivi2027[Périodicité],$G52)>1,"Doublon potentiel : à confirmer",""))

Sheet 02_DONNEES_SOURCE
A1: Périmètre | B1: Groupe | C1: Année | D1: Code installation | E1: Installation | F1: Périodicité | G1: Type opération source
A2: PERIM_A | B2: GRP_A1 | C2: 2029 | D2: INST-001 | E2: Installation A1 | F2: 6 ans | G2: TYPE_D
A3: PERIM_A | B3: GRP_A1 | C3: 2027 | D3: INST-001 | E3: Installation A1 | F3: 3 ans | G3: TYPE_C
A4: PERIM_A | B4: GRP_A1 | C4: 2027 | D4: INST-001 | E4: Installation A1 | F4: 1 an | G4: TYPE_A
A5: PERIM_A | B5: GRP_A1 | C5: 2027 | D5: INST-001 | E5: Installation A1 | F5: 2 ans | G5: TYPE_E
A6: PERIM_A | B6: GRP_A1 | C6: 2027 | D6: INST-002 | E6: Installation B1 | F6: 6 ans | G6: TYPE_D
A7: PERIM_A | B7: GRP_A1 | C7: 2028 | D7: INST-002 | E7: Installation B1 | F7: 2 ans | G7: TYPE_B
A8: PERIM_A | B8: GRP_A1 | C8: 2029 | D8: INST-002 | E8: Installation B1 | F8: 1 an | G8: TYPE_A
A9: PERIM_A | B9: GRP_A1 | C9: 2029 | D9: INST-003 | E9: Installation C1 | F9: 2 ans | G9: TYPE_E
A10: PERIM_A | B10: GRP_A1 | C10: 2031 | D10: INST-003 | E10: Installation C1 | F10: 2 ans | G10: TYPE_E
A11: PERIM_A | B11: GRP_A1 | C11: 2029 | D11: INST-003 | E11: Installation C1 | F11: 6 ans | G11: TYPE_D
A12: PERIM_A | B12: GRP_A1 | C12: 2032 | D12: INST-003 | E12: Installation C1 | F12: 6 ans | G12: TYPE_D
A13: PERIM_A | B13: GRP_A1 | C13: 2027 | D13: INST-004 | E13: Installation D1 | F13: 6 ans | G13: TYPE_D
... A123: PERIM_C | B123: GRP_C1 | C123: 2027 | D123: INST-040 | E123: Installation N2 | F123: 1 an | G123: TYPE_A

Sheet 03_REFERENTIEL
A1: Valeur source | B1: Libellé affiché | C1: Famille | D1: Périodicité indicative | E1: Référence technique fictive | F1: Description courte | G1: Statut | I1: Comment ce référentiel est utilisé
A2: TYPE_A | B2: Contrôle annuel | C2: Contrôle | D2: 1 an | E2: REF-001 | F2: Contrôle périodique de démonstration. | G2: Validé pour démo | I2: Les colonnes Opération, Famille, Référence technique et Statut de 01_SUIVI_2027 sont lues ici à partir du code « Valeur source ».
A3: TYPE_B | B3: Essai de conformité | C3: Contrôle | D3: 2 ans | E3: REF-002 | F3: Essai périodique de démonstration. | G3: Validé pour démo | I3: Corriger un libellé ici le corrige partout dans la vue.
A4: TYPE_C | B4: Contrôle filtre | C4: Contrôle | D4: 3 ans | E4: REF-003 | F4: Contrôle filtre de démonstration. | G4: Validé pour démo | I4: Un code de la source absent de ce tableau apparaît « Absent du référentiel ».
A5: TYPE_D | B5: Révision | C5: Révision | D5: 6 ans | E5: REF-004 | F5: Révision périodique de démonstration. | G5: Validé pour démo | I5: « À confirmer » : information non validée, affichée telle quelle.
A6: TYPE_E | B6: Opération spécifique | C6: Autre | D6: 2 ans | E6: À confirmer | F6: Exemple volontairement incomplet pour tester la gestion des inconnues. | G6: À confirmer

Sheet 04_AVIS_UTILISATEURS
A1: Avis utilisateurs
A2: Vos retours orientent la V0.2. Une ligne = une remarque.
A5: Questions pour guider vos retours
A6: • | B6: Utile | D6: Quelles colonnes ou informations vous servent vraiment ?
A7: • | B7: Inutile | D7: Qu'est-ce qui pourrait être retiré ou simplifié ?
A8: • | B8: Information manquante | D8: Que vous manque-t-il pour préparer l'année ?
A9: • | B9: Filtre indispensable | D9: Sur quoi devez-vous pouvoir filtrer ou trier ?
A10: • | B10: Besoin spécifique | D10: Un besoin propre à votre périmètre ou à votre métier ?
A11: • | B11: Saisie / commentaires | D11: Avez-vous besoin de saisir ou de commenter ? Quoi, et qui ?
A12: • | B12: Donnée GMAO à rechercher | D12: Quelles données faudrait-il récupérer dans l'extraction GMAO ?
A14: Comment remplir : une ligne par remarque dans le tableau ci-dessous (cellules blanches). Thème, Priorité : listes déroulantes. La ligne grisée est un exemple à écraser.
A16: Date | B16: Contributeur (nom, fonction) | C16: Périmètre / site | D16: Thème | E16: Remarque | F16: Priorité | G16: Élément concerné (onglet, colonne) | H16: Suite donnée (équipe projet)
A17: 46308 | B17: EXEMPLE – responsable d'exploitation | C17: PERIM_A | D17: Filtre indispensable | E17: Pouvoir filtrer par tournée pour préparer les passages sur le terrain. | F17: Moyenne | G17: 01_SUIVI_2027 – filtres

Sheet 05_POINTS_A_VALIDER
A1: Points à valider
A2: Hypothèses et incohérences relevées dans les sources fictives. Rien n'a été corrigé ni supprimé.
A5: N° | B5: Thème | C5: Constat (dans les sources) | D5: Traitement dans la V0.1 | E5: Question à trancher | F5: Statut | G5: Décision / réponse
A6: 1 | B6: Référentiel | C6: TYPE_E « Opération spécifique » : référence technique « À confirmer », statut « À confirmer ». 4 opérations 2027 concernées. | D6: Libellé affiché tel quel ; référence et statut « À confirmer » (cellules jaunes). | E6: Quel libellé, quelle famille et quelle référence technique ? Ce type existe-t-il dans la GMAO ? | F6: À confirmer
A7: 2 | B7: Doublons | C7: Lignes strictement identiques dans la source : INST-006 / TYPE_A / 2027 (2 lignes) ; INST-010 / TYPE_A / 2027 (2 lignes) ; INST-021 / TYPE_A / 2027 (2 lignes) ; INST-040 / TYPE_A / 2028 (2 lignes) ; INST-020 / TYPE_E / 2029 (2 lignes). | D7: Toutes les lignes sont conservées ; les 6 lignes 2027 concernées sont signalées « Doublon potentiel ». | E7: Deux interventions distinctes ou doublon d'extraction ? Quel identifiant unique (n° de gamme, d'OT) l'export GMAO fournira-t-il ? | F7: À confirmer
A8: 3 | B8: Périodicité | C8: L'intervalle entre deux occurrences ne correspond pas toujours à la périodicité indiquée, ex. INST-003 Révision « 6 ans » : 2029 puis 2032 ; INST-008 Révision « 6 ans » : 2027 puis 2031 ; INST-009 Essai de conformité « 2 ans » : 2027 puis 2028 ; INST-011 Contrôle annuel « 1 an » : 2027 puis 2029 (7 cas). | D8: Aucune année n'est recalculée : seules les années présentes dans la source sont affichées. | E8: La périodicité est-elle indicative ? L'année prévue doit-elle venir uniquement de la GMAO ? | F8: À confirmer
A9: 4 | B9: Ancien suivi | C9: Les mêmes codes portent des libellés différents dans l'ancien suivi et dans la source (ex. INST-001 = « Installation Démo 01 » / « Installation A1 »). | D9: Aucun rapprochement entre l'ancien suivi et la source. | E9: Le code installation est-il l'identifiant commun fiable entre les outils ? | F9: À confirmer
A10: 5 | B10: Ancien suivi | C10: Les colonnes « contrôle », « révision » et « contrôle filtre » de l'ancien suivi semblent correspondre à TYPE_A, TYPE_D et TYPE_C, mais aucune table de correspondance ne le confirme. | D10: Hypothèse non appliquée. | E10: Confirmer la correspondance avant toute reprise de l'historique. | F10: À confirmer
A11: 6 | B11: Référentiel | C11: Périmètre et Groupe ne sont fournis que sous forme de codes (PERIM_A, GRP_A1…). | D11: Codes affichés tels quels. | E11: Faut-il un référentiel des périmètres et groupes (libellés lisibles, responsables) ? | F11: À confirmer
A12: 7 | B12: Référentiel | C12: La référence technique est portée par le type d'opération, pas par l'installation. | D12: Même référence pour toutes les opérations d'un même type. | E12: Dans la réalité, la référence dépend-elle de l'installation ou du matériel ? | F12: À confirmer
A13: 8 | B13: Granularité | C13: La source ne donne que l'année ; l'ancien suivi donnait des dates (dernier / prochain passage). | D13: Vue à l'année, sans mois ni date. | E13: Un mois ou une date prévisionnelle est-il nécessaire ? Est-il disponible dans la GMAO ? | F13: À confirmer
A14: 9 | B14: Périmètre de la vue | C14: La source couvre 2026 à 2032 (122 lignes) ; 45 lignes concernent 2027. | D14: Toutes les années restent dans 02_DONNEES_SOURCE ; la vue n'affiche que 2027. | E14: Une vue N+1 ou pluriannuelle serait-elle utile ? | F14: À confirmer

Sheet 06_NOTICE
A1: Notice
A2: Prototype V0.1 de suivi annuel de maintenance – à lire avant diffusion.
A6: En bref
A7: Ce classeur répond à une question : « Qu'est-ce que j'ai à faire en maintenance en 2027 ? ». Il sert à recueillir l'avis des responsables avant toute industrialisation.
A8: Les données sont 100 % fictives. La future GMAO restera la source officielle : ce fichier n'est qu'une lecture, il ne doit pas devenir une seconde source de vérité (ne pas y corriger les données).
A10: Onglets
A11: Onglet | B11: Rôle | C11: Qui le modifie
A12: 01_SUIVI_2027 | B12: Vue de consultation des opérations de l'année suivie, enrichie par le référentiel. | C12: Personne : consultation, filtres et tris.
A13: 02_DONNEES_SOURCE | B13: Copie tabulaire de l'export (toutes années). Une ligne = une opération sur une installation. | C13: Remplacé à chaque import. Jamais modifié à la main.
A14: 03_REFERENTIEL | B14: Correspondance code source → libellé, famille, référence technique, statut. | C14: Référent données.
A15: 04_AVIS_UTILISATEURS | B15: Recueil des retours, une ligne par remarque. | C15: Tous les testeurs.
A16: 05_POINTS_A_VALIDER | B16: Hypothèses et incohérences à trancher avant la V0.2. | C16: Équipe projet.
A18: Colonnes du tableau principal
A19: Colonne | B19: Origine | C19: Remarque
A20: Périmètre, Groupe | B20: Source (02) – codes tels qu'exportés. | C20: Pas de libellé lisible fourni : à confirmer.
A21: Code installation | B21: Source (02) – identifiant de l'installation.
A22: Installation | B22: Source (02) – libellé de l'installation.
A23: Opération | B23: Référentiel (03) – « Libellé affiché » du code type. | C23: « À confirmer » si le code est inconnu.
A24: Famille | B24: Référentiel (03).
A25: Périodicité | B25: Source (02) – texte tel qu'exporté. | C25: Indicative : aucune année n'est recalculée à partir d'elle.
A26: Référence technique | B26: Référentiel (03) – rattachée au type d'opération.
A27: Code type source | B27: Source (02) – « Type opération source ». | C27: Garde le lien avec la GMAO.
A28: Statut référentiel | B28: Référentiel (03) – « Statut ». | C28: « Absent du référentiel » si le code est inconnu.
A29: Point de vigilance | B29: Contrôle calculé. | C29: « Doublon potentiel » : même installation, même type, même périodicité, même année. « Absente de la source » : la vue n'est plus à jour.
A31: Lire le tableau
A32: Filtres et recherche : flèches des en-têtes (zone de recherche intégrée), ou Ctrl + F.
A33: « Affichées (filtres) » compte les lignes visibles ; les autres indicateurs portent sur toute l'année.
A34: Jaune = information à confirmer. La couleur ne fait que souligner : le texte de la cellule le dit toujours.
A35: Seules cellules à modifier dans 01_SUIVI_2027 : la date « Actualisé le » (D6). Rien d'autre n'est à saisir.
A37: Actualiser les données
A38: 1. Remplacer les lignes de 02_DONNEES_SOURCE par le nouvel export (mêmes colonnes, à partir de A2).
A39: 2. Mettre à jour la date « Actualisé le » (01_SUIVI_2027, cellule D6).
A40: 3. Lire le contrôle source (01_SUIVI_2027, ligne 6). « VUE À ACTUALISER » signifie que la vue 2027 ne correspond plus à la source : en V0.1, elle est régénérée par le concepteur du prototype (outils/construire_prototype.py).
A41: Cible V0.2 : une requête Power Query (export GMAO → filtre sur l'année → fusion avec le référentiel) remplace l'étape 3 ; l'actualisation se fait alors par Données › Actualiser tout.
A43: Compatibilité Power BI
A44: T_Source (02) et T_Referentiel (03) sont des tableaux plats sans cellule fusionnée ni formule. Relation : T_Source[Type opération source] → T_Referentiel[Valeur source]. T_Avis (04) et T_Points (05) sont aussi importables.
